Date,Open,High,Low,Close,Adj Close,Volume
2024-09-23,10.4900,10.6800,10.4900,10.6200,10.6200,24000
2024-09-24,10.7700,10.8000,10.4600,10.7400,10.7400,30100
2024-09-25,10.6600,10.6600,10.4800,10.6500,10.6500,28400
2024-09-26,10.6900,10.7700,10.5900,10.7200,10.7200,41800
2024-09-27,10.5700,10.5700,10.4300,10.4500,10.4500,27000
2024-09-30,10.6500,10.9200,10.6400,10.7400,10.7400,48900
2024-10-01,10.2800,10.3700,10.1100,10.1900,10.1900,252800
2024-10-02,10.2000,10.2400,10.0200,10.0800,10.0800,34400
2024-10-03,10.1430,10.3500,10.1100,10.3500,10.3500,60600
2024-10-04,10.3800,10.4500,10.2200,10.2600,10.2600,14100
2024-10-07,10.0600,10.3000,10.0600,10.2200,10.2200,16900
2024-10-08,9.9200,9.9200,9.6200,9.7900,9.7900,51600
2024-10-09,9.5000,9.5300,9.3300,9.3300,9.3300,107200
2024-10-10,9.4200,9.6200,9.4000,9.5400,9.5400,147700
2024-10-11,9.4600,9.5700,9.4100,9.4100,9.4100,16900
2024-10-14,9.2800,9.2800,8.9900,9.0400,9.0400,25200
2024-10-15,8.7000,8.7000,8.4200,8.5200,8.5200,57600
2024-10-16,8.0100,8.1900,8.0100,8.1000,8.1000,80000
2024-10-17,8.2700,8.5900,8.2040,8.4200,8.4200,254000
2024-10-18,8.3450,8.4530,8.2010,8.2200,8.2200,20600
2024-10-21,8.0000,8.0200,7.9100,7.9300,7.9300,286600
2024-10-22,7.8150,8.0300,7.7750,7.9300,7.9300,66400
2024-10-23,7.9700,8.1000,7.9650,8.0600,8.0600,30200
2024-10-24,7.8800,7.9680,7.8300,7.9300,7.9300,49100
2024-10-25,7.7600,7.9000,7.7600,7.8100,7.8100,29800
2024-10-28,7.6300,7.6400,7.5000,7.5300,7.5300,38200
2024-10-29,7.9000,7.9200,7.7500,7.8700,7.8700,32400
2024-10-30,7.5400,7.7000,7.4200,7.4800,7.4800,74900
2024-10-31,7.6000,7.6300,7.4400,7.4800,7.4800,66600
2024-11-01,7.4000,7.5300,7.4000,7.4700,7.4700,23400
2024-11-04,7.5200,7.7900,7.5200,7.7800,7.7800,46000
2024-11-05,7.8000,8.0600,7.7600,7.8500,7.8500,68200
2024-11-06,7.7700,7.7700,7.6500,7.6500,7.6500,33800
2024-11-07,7.8000,7.9160,7.8000,7.8900,7.8900,32600
2024-11-08,8.1000,8.1800,8.0200,8.1500,8.1500,49700
2024-11-11,8.5000,8.6100,8.4300,8.4600,8.4600,97200
2024-11-12,8.5500,8.6500,8.2800,8.3000,8.3000,132400
2024-11-13,8.3500,8.5100,8.3500,8.4900,8.4900,25800
2024-11-14,8.5000,8.5000,8.2700,8.4500,8.4500,44000
2024-11-15,8.3900,8.5500,8.3500,8.5000,8.5000,38100
2024-11-18,8.0200,8.1050,7.8800,7.9900,7.9900,149100
2024-11-19,7.7000,7.8200,7.5000,7.8000,7.8000,102400
2024-11-20,7.7500,7.7500,7.6570,7.6640,7.6640,28600
2024-11-21,7.5000,7.5700,7.4100,7.5000,7.5000,77500
2024-11-22,7.3200,7.3200,7.2000,7.2300,7.2300,359200
2024-11-25,7.2500,7.5000,7.2500,7.4510,7.4510,72800
2024-11-26,7.2500,7.4100,7.2500,7.4100,7.4100,31900
2024-11-27,6.9900,6.9900,6.7000,6.8000,6.8000,428300
2024-11-29,6.5700,6.6900,6.5100,6.6500,6.6500,205700
2024-12-02,6.4000,6.4400,6.2640,6.3500,6.3500,214500
2024-12-03,6.2700,6.4600,6.2250,6.3500,6.3500,192300
2024-12-04,6.3500,6.4700,6.3060,6.4400,6.4400,195600
2024-12-05,6.5300,6.6900,6.5300,6.6200,6.6200,120900
2024-12-06,6.4800,6.5100,6.4600,6.4900,6.4900,58400
2024-12-09,6.2200,6.2800,6.2000,6.2000,6.2000,266200
2024-12-10,6.1500,6.1500,6.0050,6.0200,6.0200,101500
2024-12-11,5.8900,5.8900,5.7100,5.7100,5.7100,484200
2024-12-12,5.7100,5.9300,5.7100,5.9000,5.9000,520800
2024-12-13,6.0000,6.1390,6.0000,6.1000,6.1000,149400
2024-12-16,6.2000,6.2500,6.0500,6.0700,6.0700,161500
2024-12-17,5.9000,5.9700,5.7750,5.8500,5.8500,211300
2024-12-18,5.9400,6.1100,5.9400,6.0600,6.0600,89800
2024-12-19,6.0100,6.0300,5.9900,6.0100,6.0100,56400
2024-12-20,6.0600,6.2600,6.0600,6.2200,6.2200,103200
2024-12-23,6.2900,6.3200,6.2240,6.2500,6.2500,121800
2024-12-24,6.1900,6.1900,6.1200,6.1300,6.1300,77300
2024-12-26,6.1000,6.1300,6.0500,6.0650,6.0650,72900
2024-12-27,6.0760,6.1000,6.0500,6.1000,6.1000,37000
2024-12-30,5.9600,5.9900,5.8800,5.9200,5.9200,71700
2024-12-31,5.9500,6.1200,5.9500,6.0800,6.0800,32600
2025-01-02,6.2100,6.2700,6.1200,6.2500,6.2500,44200
2025-01-03,6.2800,6.3800,6.2600,6.2600,6.2600,123000
2025-01-06,5.9900,6.0000,5.7000,5.8200,5.8200,393300
2025-01-07,5.6800,5.7200,5.5000,5.6300,5.6300,380100
2025-01-08,5.6000,5.6300,5.5000,5.5500,5.5500,181500
2025-01-10,6.0700,6.9700,6.0100,6.7000,6.7000,173700
2025-01-13,6.0500,6.0500,5.7700,5.8400,5.8400,247900
2025-01-14,5.9150,6.1500,5.9070,6.1300,6.1300,132700
2025-01-15,5.9500,6.1400,5.8400,5.8900,5.8900,161000
2025-01-16,5.8000,5.8000,5.7200,5.7300,5.7300,102500
2025-01-17,5.7000,5.7300,5.6400,5.7200,5.7200,99700
2025-01-21,5.5300,5.6200,5.4580,5.6100,5.6100,329800
2025-01-22,5.4200,5.4400,5.2350,5.2800,5.2800,727000
2025-01-23,5.1800,5.2490,5.1000,5.1400,5.1400,420600
2025-01-24,5.1300,5.2100,5.0600,5.1400,5.1400,659200
2025-01-27,5.2800,5.3500,5.1500,5.3200,5.3200,351400
2025-01-28,5.3200,5.3300,5.2600,5.2800,5.2800,354300
2025-01-29,5.2900,5.3900,5.2600,5.3200,5.3200,421400
2025-01-30,5.4500,5.5400,5.4100,5.4900,5.4900,490800
2025-01-31,5.7100,5.7800,5.6900,5.7700,5.7700,388200
2025-02-03,5.6600,5.6600,5.4400,5.4700,5.4700,265500
2025-02-04,5.8800,5.9200,5.8000,5.8700,5.8700,210300
2025-02-05,6.0000,6.0000,5.8700,5.9900,5.9900,177900
2025-02-06,5.8700,5.8700,5.7210,5.8000,5.8000,198300
2025-02-07,5.8400,5.8600,5.7900,5.8600,5.8600,103200
2025-02-10,5.7500,5.8000,5.7000,5.7800,5.7800,131500
2025-02-11,5.7000,5.7000,5.5500,5.6800,5.6800,194000
2025-02-12,5.5000,5.5300,5.4000,5.5100,5.5100,359700
2025-02-13,5.6000,5.6200,5.5000,5.5000,5.5000,237100
2025-02-14,5.6100,5.7300,5.6040,5.6400,5.6400,174000
2025-02-18,6.0000,6.1100,5.9600,6.0800,6.0800,434800
2025-02-19,6.0500,6.1540,5.9100,5.9900,5.9900,313700
2025-02-20,6.2600,6.4800,6.2200,6.4500,6.4500,504900
2025-02-21,6.3000,6.3450,6.2500,6.3200,6.3200,229100
2025-02-24,6.2200,6.2200,6.0500,6.0900,6.0900,304100
2025-02-25,6.3100,6.3400,6.2100,6.2600,6.2600,166700
2025-02-26,6.3500,6.4200,6.2200,6.4000,6.4000,332500
2025-02-27,6.2800,6.2800,6.1400,6.1700,6.1700,117300
2025-02-28,6.4400,6.4400,6.3400,6.4000,6.4000,110000
2025-03-03,6.3000,6.3500,6.1500,6.1500,6.1500,118100
2025-03-04,5.9700,6.0800,5.8780,6.0000,6.0000,168600
2025-03-05,6.2300,6.2900,6.1100,6.2900,6.2900,340500
2025-03-06,6.4100,6.5000,6.4000,6.5000,6.5000,172400
2025-03-07,6.6000,6.6000,6.5300,6.5700,6.5700,148800
2025-03-10,6.5700,6.7000,6.5200,6.5500,6.5500,282000
2025-03-11,6.5400,6.7000,6.5300,6.6800,6.6800,194300
2025-03-12,7.0500,7.2000,7.0100,7.1400,7.1400,435700
2025-03-13,7.0600,7.0950,6.7800,6.8500,6.8500,178300
2025-03-14,6.9800,6.9960,6.8970,6.9500,6.9500,117300
2025-03-17,6.9600,6.9600,6.6600,6.8600,6.8600,200900
2025-03-18,6.6500,6.7600,6.5400,6.7300,6.7300,385300
2025-03-19,6.5600,6.5600,6.3800,6.5000,6.5000,158600
2025-03-20,6.6700,6.8500,6.6220,6.7750,6.7750,111000
2025-03-21,6.7700,6.9540,6.7700,6.9100,6.9100,125300
2025-03-24,6.8300,6.8300,6.6700,6.7500,6.7500,91000
2025-03-25,6.6700,6.7250,6.5000,6.5100,6.5100,156500
2025-03-26,6.4900,6.5080,6.3700,6.4000,6.4000,112400
2025-03-27,6.3800,6.4800,6.3400,6.3500,6.3500,73900
2025-03-28,6.4300,6.4430,6.1600,6.3600,6.3600,158100
2025-03-31,6.2600,6.3000,6.2100,6.2500,6.2500,107000
2025-04-01,6.4000,6.5500,6.3700,6.5000,6.5000,69300
2025-04-02,6.4500,6.5400,6.3400,6.3700,6.3700,66900
2025-04-03,6.1900,6.1900,5.9300,6.0200,6.0200,419500
2025-04-04,5.7600,5.8500,5.5600,5.6200,5.6200,611800
2025-04-07,5.2700,5.5470,5.2500,5.3800,5.3800,592500
2025-04-08,5.4500,5.4500,5.3150,5.3600,5.3600,245500
2025-04-09,5.2200,5.4500,5.1090,5.3300,5.3300,435900
2025-04-10,5.5700,5.6400,5.4500,5.6000,5.6000,284600
2025-04-11,5.6000,5.7100,5.5300,5.6300,5.6300,83200
2025-04-14,5.8200,5.8700,5.7100,5.7500,5.7500,220800
2025-04-15,5.7600,5.7600,5.6810,5.6900,5.6900,57700
2025-04-16,5.7200,5.7500,5.6900,5.7200,5.7200,182100
2025-04-17,5.7600,5.7700,5.7200,5.7400,5.7400,36700
2025-04-21,5.7500,5.7700,5.7000,5.7300,5.7300,76000
2025-04-22,5.7400,5.7400,5.5900,5.6000,5.6000,78600
2025-04-23,5.9090,6.0300,5.8800,5.8800,5.8800,174800
2025-04-24,5.9500,5.9700,5.8100,5.8300,5.8300,43100
2025-04-25,5.9000,6.0000,5.9000,5.9200,5.9200,116000
2025-04-28,5.9300,5.9300,5.7800,5.7800,5.7800,73600
2025-04-29,5.7500,5.7650,5.5700,5.5700,5.5700,87600
2025-04-30,5.6500,5.8000,5.6500,5.7650,5.7650,35000
2025-05-01,5.8800,5.9500,5.8000,5.9500,5.9500,67300
2025-05-02,5.8300,5.9400,5.7800,5.8400,5.8400,107100
2025-05-05,5.8400,5.9140,5.8400,5.9140,5.9140,25900
2025-05-06,5.7200,5.7200,5.6000,5.6200,5.6200,66000
2025-05-07,5.6680,5.6680,5.5700,5.6200,5.6200,20100
2025-05-08,5.4800,5.5300,5.3900,5.4200,5.4200,250500
2025-05-09,5.4300,5.4700,5.3900,5.4300,5.4300,137000
2025-05-12,5.5900,5.5900,5.5250,5.5400,5.5400,237900
2025-05-13,5.3700,5.4250,5.3000,5.3000,5.3000,414300
2025-05-14,5.4100,5.4800,5.3590,5.4600,5.4600,126400
2025-05-15,5.5300,5.5500,5.4800,5.5500,5.5500,107700
2025-05-16,5.6000,5.6050,5.4700,5.5040,5.5040,86900
2025-05-19,5.3600,5.3700,5.3000,5.3100,5.3100,286600
2025-05-20,5.4000,5.4000,5.3500,5.3600,5.3600,31200
2025-05-21,5.2900,5.3700,5.2610,5.3400,5.3400,96100
2025-05-22,5.2500,5.2720,5.2000,5.2100,5.2100,145800
2025-05-23,5.2000,5.2100,5.1500,5.1500,5.1500,112100
2025-05-27,5.0400,5.1500,5.0300,5.1500,5.1500,217800
2025-05-28,5.1200,5.1800,5.1200,5.1670,5.1670,79400
2025-05-29,5.2400,5.2400,5.1090,5.1900,5.1900,170700
2025-05-30,5.2300,5.2300,5.1210,5.1900,5.1900,53500
2025-06-02,5.2100,5.2400,5.1000,5.1000,5.1000,45500
2025-06-03,5.2200,5.2300,5.1600,5.2000,5.2000,92800
2025-06-04,5.3600,5.4700,5.3600,5.4200,5.4200,100000
2025-06-05,5.4500,5.5300,5.4200,5.4900,5.4900,100600
2025-06-06,5.3800,5.4800,5.3340,5.4100,5.4100,167100
2025-06-09,5.4200,5.4200,5.3470,5.3720,5.3720,34500
2025-06-10,5.4000,5.5200,5.4000,5.5200,5.5200,200100
2025-06-11,5.6500,5.7100,5.6500,5.6500,5.6500,149100
2025-06-12,5.7400,5.7800,5.7000,5.7300,5.7300,57400
2025-06-13,5.8200,5.8900,5.7600,5.8700,5.8700,225300
2025-06-16,5.6400,5.7500,5.5400,5.6800,5.6800,266200
2025-06-17,5.5200,5.6300,5.5200,5.6300,5.6300,108200
2025-06-18,5.6000,5.6900,5.6000,5.6200,5.6200,45300
2025-06-20,5.6400,5.7600,5.6200,5.7300,5.7300,80700
2025-06-23,5.6600,5.8650,5.6600,5.7800,5.7800,181900
2025-06-24,5.7400,5.7400,5.6800,5.7350,5.7350,97100
2025-06-25,5.7500,5.8400,5.7400,5.8000,5.8000,104100
2025-06-26,5.7000,5.7000,5.6100,5.6600,5.6600,42900
2025-06-27,5.6800,5.7100,5.5590,5.5840,5.5840,97300
2025-06-30,5.6000,5.6300,5.5500,5.5500,5.5500,138900
2025-07-01,5.6300,5.6700,5.5100,5.6300,5.6300,137800
2025-07-02,5.6300,5.7700,5.6100,5.7700,5.7700,166200
2025-07-03,5.9200,5.9880,5.8700,5.9300,5.9300,96700
2025-07-07,6.0400,6.1000,5.9450,6.0700,6.0700,245000
2025-07-08,6.2000,6.3190,6.1500,6.1800,6.1800,187200
2025-07-09,6.2100,6.3600,6.1400,6.2500,6.2500,70300
2025-07-10,6.7200,6.8550,6.6200,6.6600,6.6600,2067500
2025-07-11,7.0000,7.0900,6.9700,7.0900,7.0900,1083700
2025-07-14,7.2300,7.3000,7.2100,7.2600,7.2600,203800
2025-07-15,7.0000,7.0500,6.7700,6.7800,6.7800,270300
2025-07-16,7.1400,7.3650,7.1400,7.2500,7.2500,370300
2025-07-17,7.4200,7.6500,7.3100,7.6100,7.6100,418800
2025-07-18,7.3300,7.4600,7.2700,7.4000,7.4000,602300
2025-07-21,7.2900,7.3800,7.1800,7.3500,7.3500,355000
2025-07-22,7.6500,7.7400,7.5300,7.6700,7.6700,655500
2025-07-23,7.6200,7.6500,7.4300,7.5200,7.5200,264900
2025-07-24,7.5200,7.5200,7.3000,7.4200,7.4200,129500
2025-07-25,7.1800,7.1950,7.0900,7.1500,7.1500,135100
2025-07-28,7.2500,7.3490,7.2400,7.2460,7.2460,34500
2025-07-29,7.0900,7.0900,6.8600,6.9400,6.9400,160200
2025-07-30,6.9800,7.2000,6.9450,7.0200,7.0200,73700
2025-07-31,7.3900,7.4100,7.3000,7.4000,7.4000,85200
2025-08-01,7.5100,7.5100,7.3800,7.4600,7.4600,148500
2025-08-04,7.3200,7.3600,7.2600,7.3100,7.3100,54500
2025-08-05,7.6500,7.9200,7.6500,7.7700,7.7700,215900
2025-08-06,7.8200,7.9000,7.6300,7.7300,7.7300,98200
2025-08-07,7.7900,7.7900,7.6100,7.7500,7.7500,133400
2025-08-08,7.9000,7.9300,7.8000,7.8000,7.8000,81200
2025-08-11,7.7400,7.9500,7.6500,7.9000,7.9000,108500
2025-08-12,7.8500,8.0900,7.8300,8.0200,8.0200,106800
2025-08-13,8.1800,8.2900,7.9800,8.1670,8.1670,489200
2025-08-14,8.1700,8.2200,8.0100,8.1300,8.1300,334400
2025-08-15,8.1300,8.1300,7.9400,8.0200,8.0200,174700
2025-08-18,7.9700,8.2000,7.9500,8.0800,8.0800,214100
2025-08-19,7.8900,7.9300,7.7400,7.7730,7.7730,350500
2025-08-20,7.8500,8.1200,7.8500,8.0400,8.0400,72400
2025-08-21,8.0600,8.1600,8.0350,8.1600,8.1600,234700
2025-08-22,8.4400,8.4400,8.3200,8.4100,8.4100,159300
2025-08-25,8.4200,8.5500,8.4200,8.5000,8.5000,126300
2025-08-26,8.6200,8.6600,8.5500,8.6000,8.6000,115100
2025-08-27,8.3900,8.4000,8.2600,8.3000,8.3000,87000
2025-08-28,8.2750,8.3700,8.1200,8.3500,8.3500,92200
2025-08-29,8.2100,8.5800,8.1300,8.3700,8.3700,687800
2025-09-02,7.9200,8.0500,7.7300,8.0200,8.0200,1075800
2025-09-03,8.0500,8.1500,8.0100,8.1400,8.1400,839900
2025-09-04,8.3400,8.3700,8.0400,8.0630,8.0630,523800
2025-09-05,8.0500,8.1000,8.0300,8.0400,8.0400,74400
2025-09-08,8.1700,8.3890,8.1500,8.1500,8.1500,294200
2025-09-09,8.5400,8.5450,8.3300,8.3900,8.3900,285800
2025-09-10,8.3200,8.4100,8.1600,8.2200,8.2200,187900
2025-09-11,8.1350,8.1990,8.0900,8.1150,8.1150,119300
2025-09-12,8.1700,8.2850,8.0900,8.1000,8.1000,1149300
2025-09-15,8.2100,8.2400,8.1210,8.2100,8.2100,192600
2025-09-16,8.1300,8.1300,7.9800,8.0400,8.0400,109300
2025-09-17,8.0900,8.1800,8.0600,8.1400,8.1400,70500
2025-09-18,8.2000,8.2600,8.1900,8.2000,8.2000,106700
2025-09-19,8.2000,8.2500,8.1500,8.1600,8.1600,60300
2025-09-22,8.1520,8.1520,8.0250,8.0600,8.0600,70100
2025-09-23,8.2000,8.3100,8.2000,8.2500,8.2500,227500
2025-09-24,8.3200,8.4150,8.3050,8.3800,8.3800,241900
2025-09-25,8.2900,8.2900,8.0900,8.2000,8.2000,62800
2025-09-26,8.0800,8.1000,8.0300,8.0500,8.0500,75100
2025-09-29,7.9000,7.9450,7.7400,7.7700,7.7700,275700
2025-09-30,7.6100,7.6900,7.4600,7.5100,7.5100,249400
2025-10-01,7.4400,7.6500,7.4100,7.5800,7.5800,163200
2025-10-02,7.7200,7.7900,7.6710,7.7800,7.7800,53200
2025-10-03,7.7900,7.8200,7.7000,7.7200,7.7200,45300
2025-10-06,7.7500,7.9000,7.7500,7.8660,7.8660,45300
2025-10-07,7.9400,8.0100,7.8900,8.0000,8.0000,40500
2025-10-08,7.8000,7.8000,7.6000,7.6000,7.6000,83100
2025-10-09,7.6800,7.7000,7.6500,7.7000,7.7000,71900
2025-10-10,8.1500,8.2000,8.0120,8.1800,8.1800,354300
2025-10-13,8.8500,8.8800,8.5800,8.6400,8.6400,303100
2025-10-14,8.2200,8.3200,8.0700,8.2000,8.2000,83800
2025-10-15,8.2900,8.5300,8.2500,8.5200,8.5200,46000
2025-10-16,8.5900,8.5900,8.3300,8.3300,8.3300,37700
2025-10-17,8.2600,8.2750,8.1400,8.1600,8.1600,25800
2025-10-20,8.1900,8.3700,8.1000,8.2400,8.2400,14700
2025-10-21,8.3600,8.4100,8.3600,8.3800,8.3800,55400
2025-10-22,8.3600,8.3600,8.0310,8.2300,8.2300,44500
2025-10-23,7.9000,7.9250,7.5700,7.8200,7.8200,69400
2025-10-24,7.9100,7.9100,7.7900,7.8500,7.8500,17300
2025-10-27,7.9200,8.0000,7.8300,7.9700,7.9700,38400
2025-10-28,7.9400,7.9780,7.8700,7.9530,7.9530,15300
2025-10-29,8.1100,8.2000,8.1100,8.2000,8.2000,29700
2025-10-30,8.1400,8.3700,8.1400,8.2500,8.2500,56900
2025-10-31,8.0800,8.1240,8.0500,8.1000,8.1000,16300
2025-11-03,8.0000,8.0000,7.9200,7.9200,7.9200,43700
2025-11-04,8.1000,8.2800,8.0900,8.1800,8.1800,107200
2025-11-05,8.3100,8.3800,8.2800,8.3000,8.3000,49400
2025-11-06,8.4700,8.6000,8.4300,8.5000,8.5000,79600
2025-11-07,8.3700,8.4200,8.3000,8.3500,8.3500,40100
2025-11-10,8.3500,8.4490,8.3400,8.3700,8.3700,12200
2025-11-11,8.4380,8.5190,8.3900,8.4200,8.4200,23000
2025-11-12,8.3700,8.4800,8.3150,8.4800,8.4800,27200
2025-11-13,8.6500,8.7200,8.6300,8.7000,8.7000,60300
2025-11-14,8.5400,8.7500,8.5400,8.6000,8.6000,23300
2025-11-17,8.4600,8.9100,8.4600,8.8000,8.8000,110900
2025-11-18,8.9300,8.9900,8.8800,8.9900,8.9900,84400
2025-11-19,8.9900,8.9900,8.6900,8.9000,8.9000,41300
2025-11-20,8.9630,8.9900,8.8500,8.9200,8.9200,52300
2025-11-21,8.9100,8.9800,8.8200,8.9500,8.9500,34600
2025-11-24,9.0400,9.1950,9.0400,9.1900,9.1900,47300
2025-11-25,9.2000,9.3000,9.0900,9.2300,9.2300,61800
2025-11-26,9.2300,9.2600,9.1000,9.2000,9.2000,74300
2025-11-28,9.2000,9.2300,8.7700,8.7700,8.7700,155100
2025-12-01,9.2100,9.4400,9.1800,9.3400,9.3400,199700
2025-12-02,9.2700,9.3300,9.0300,9.2500,9.2500,124500
2025-12-03,9.4000,9.4900,9.3000,9.3000,9.3000,78800
2025-12-04,9.1000,9.3360,9.0860,9.2700,9.2700,29900
2025-12-05,9.0300,9.1000,8.8800,9.0000,9.0000,67300
2025-12-08,9.2300,9.3200,9.2100,9.2500,9.2500,46600
2025-12-09,8.9700,8.9700,8.7100,8.8300,8.8300,144500
2025-12-10,9.0000,9.0730,8.8800,9.0130,9.0130,106400
2025-12-11,8.8600,8.8900,8.6100,8.8400,8.8400,87500
2025-12-12,8.7100,8.7350,8.6480,8.6800,8.6800,70400
2025-12-15,8.8100,8.9200,8.8100,8.9200,8.9200,43600
2025-12-16,8.8000,8.8700,8.7480,8.7700,8.7700,16000
2025-12-17,8.5200,8.5200,8.2700,8.4200,8.4200,129300
2025-12-18,8.4900,8.6680,8.4900,8.6560,8.6560,25200
2025-12-19,8.7000,8.8000,8.7000,8.7000,8.7000,18000
2025-12-22,8.7320,9.0500,8.7320,8.8800,8.8800,96300
2025-12-23,8.8800,8.9000,8.7400,8.7400,8.7400,14000
2025-12-24,8.7300,8.8590,8.7300,8.7700,8.7700,19100
2025-12-26,8.7500,8.8000,8.7000,8.7500,8.7500,33100
2025-12-29,8.6700,8.8490,8.6700,8.7400,8.7400,9700
2025-12-30,8.6500,8.7230,8.6500,8.6800,8.6800,12100
2025-12-31,8.6000,8.8200,8.5900,8.7700,8.7700,77900
2026-01-02,8.5000,8.5760,8.4500,8.4600,8.4600,30700
2026-01-05,8.6600,8.7200,8.6100,8.7200,8.7200,22400
2026-01-06,8.8000,8.9000,8.7600,8.8100,8.8100,21500
2026-01-07,8.6200,8.7900,8.6100,8.7900,8.7900,18600
2026-01-08,8.9320,9.1500,8.8700,9.1400,9.1400,19200
2026-01-09,9.0400,9.0400,8.8500,8.8500,8.8500,18400
2026-01-12,8.8400,8.8400,8.5200,8.7300,8.7300,39600
2026-01-13,8.6100,8.7900,8.6100,8.7210,8.7210,8700
2026-01-14,8.9700,9.0900,8.8900,9.0400,9.0400,42200
2026-01-15,9.2200,9.5000,9.2200,9.4800,9.4800,63600
2026-01-16,9.6300,9.8000,9.6000,9.8000,9.8000,108200
2026-01-20,10.0000,10.2400,9.9800,10.2400,10.2400,119400
2026-01-21,10.4000,10.4000,10.0300,10.0700,10.0700,68800
2026-01-22,9.8000,10.0400,9.8000,10.0000,10.0000,51200
2026-01-23,10.3900,10.4700,10.1500,10.3600,10.3600,26000
2026-01-26,10.4500,11.0000,10.3200,10.9800,10.9800,127700
2026-01-27,11.0200,11.4000,11.0200,11.2600,11.2600,86400
2026-01-28,11.0900,11.1700,10.8500,11.0100,11.0100,59500
2026-01-29,11.2900,11.4800,10.9300,11.4800,11.4800,82800
2026-01-30,11.5000,11.5500,11.4140,11.5300,11.5300,84100
2026-02-02,11.1500,11.4600,10.9000,11.2000,11.2000,184000
2026-02-03,10.9700,10.9700,10.5000,10.5500,10.5500,125600
2026-02-04,10.5000,10.8500,10.5000,10.8500,10.8500,30100
2026-02-05,10.7250,10.8500,10.6500,10.7100,10.7100,32200
2026-02-06,10.7100,10.8740,10.6100,10.6500,10.6500,22900
2026-02-09,10.7000,11.0000,10.7000,10.9500,10.9500,128900
2026-02-10,11.1000,11.1800,11.0300,11.1800,11.1800,135500
2026-02-11,11.4300,11.5300,11.1740,11.4400,11.4400,64400
2026-02-12,11.4500,11.4500,11.1900,11.3000,11.3000,44000
2026-02-13,11.4000,11.5700,11.4000,11.4900,11.4900,29500
2026-02-17,11.5000,11.8000,11.4200,11.6800,11.6800,110900
2026-02-18,11.4600,11.8190,11.4600,11.7600,11.7600,85800
2026-02-19,11.8400,11.8700,11.6000,11.6600,11.6600,55900
2026-02-20,11.7700,12.1000,11.6600,11.7300,11.7300,89300
2026-02-23,11.8500,11.9800,11.6100,11.7700,11.7700,90500
2026-02-24,11.7200,11.9900,11.7000,11.8700,11.8700,79200
2026-02-25,11.9600,11.9600,11.2500,11.6800,11.6800,74800
2026-02-26,11.6700,11.9100,11.6700,11.9100,11.9100,52200
2026-02-27,11.9900,12.0700,11.8460,12.0700,12.0700,61500
2026-03-02,12.5900,12.6500,11.9900,12.2200,12.2200,306200
2026-03-03,12.4800,12.6200,12.3100,12.5000,12.5000,207500
2026-03-04,11.8000,12.1800,11.5200,11.9100,11.9100,1277700
2026-03-05,11.3000,11.6400,11.0000,11.5200,11.5200,631100
2026-03-06,10.1600,10.6400,9.7300,10.4600,10.4600,1109400
2026-03-09,10.2000,10.3900,9.5800,10.2600,10.2600,1267400
2026-03-10,9.8500,10.2300,9.8500,10.2300,10.2300,203900
2026-03-11,10.3500,10.8000,10.3500,10.7000,10.7000,245800
2026-03-12,10.7400,10.7400,10.2700,10.4000,10.4000,76300
2026-03-13,10.6300,10.6400,10.2200,10.4900,10.4900,217400
2026-03-16,10.7500,10.8200,10.5700,10.6700,10.6700,140400
2026-03-17,10.6300,10.6600,10.1500,10.4300,10.4300,86900
2026-03-18,10.5500,10.7000,10.5500,10.7000,10.7000,56800
2026-03-19,10.2600,10.2600,9.9300,10.0200,10.0200,104800
2026-03-20,10.1080,10.3690,9.9710,10.0100,10.0100,164200
2026-03-23,9.8500,10.0700,9.7700,9.9900,9.9900,79200
2026-03-24,9.9000,9.9100,9.6310,9.8000,9.8000,266400
2026-03-25,9.9800,10.1800,9.9500,10.0000,10.0000,50700
2026-03-26,10.1300,10.1500,9.9400,10.0000,10.0000,34200
2026-03-27,9.8900,10.1000,9.8500,9.9300,9.9300,71800
2026-03-30,9.7900,10.0200,9.5000,9.9400,9.9400,167900
2026-03-31,9.9300,10.2000,9.9300,9.9700,9.9700,60200
2026-04-01,10.2250,10.3500,10.2250,10.3250,10.3250,29400
2026-04-02,10.5500,10.5500,10.3200,10.4500,10.4500,29300
2026-04-06,10.4100,10.7000,9.8100,9.9400,9.9400,192300
2026-04-07,10.4050,10.4500,10.2500,10.4400,10.4400,35900
2026-04-08,10.5900,10.6600,10.5200,10.6000,10.6000,43900
2026-04-09,10.3000,10.4450,10.1810,10.3000,10.3000,17000
2026-04-10,10.5700,10.7500,10.5700,10.7000,10.7000,22900
2026-04-13,11.0400,11.0600,10.7910,11.0600,11.0600,94300
2026-04-14,11.2800,11.4700,11.2800,11.4200,11.4200,53800
2026-04-15,11.4700,11.4700,11.3000,11.4000,11.4000,95700
2026-04-16,11.4000,11.4000,11.1000,11.1300,11.1300,23100
2026-04-17,11.4500,11.6800,11.3400,11.4400,11.4400,604500
2026-04-20,11.5800,11.5800,11.3000,11.3040,11.3040,20600
2026-04-21,11.3130,11.3500,11.2000,11.3500,11.3500,27400
2026-04-22,11.3850,11.4700,11.3150,11.4000,11.4000,34600
2026-04-23,11.3500,11.4550,11.2400,11.3400,11.3400,20900
2026-04-24,10.9200,11.1000,10.5000,10.9000,10.9000,54900
2026-04-27,11.0500,11.2800,11.0500,11.2700,11.2700,28200
2026-04-28,11.2400,11.4500,11.2000,11.4500,11.4500,26400
2026-04-29,11.4500,11.9000,11.2900,11.8500,11.8500,514900
2026-04-30,11.7800,11.7800,11.6050,11.7200,11.7200,126300
2026-05-01,11.7000,11.8100,11.5900,11.7300,11.7300,24600
2026-05-04,11.8300,11.8300,11.5700,11.7900,11.7900,81000
2026-05-05,12.0000,12.1800,11.9420,12.1800,12.1800,104500
2026-05-06,12.1900,12.3000,12.0200,12.1100,12.1100,129400
2026-05-07,12.0500,12.1600,11.9800,12.1000,12.1000,217500
2026-05-08,11.8900,12.1600,11.8900,12.1060,12.1060,36900
2026-05-11,12.5000,12.6850,12.5000,12.6500,12.6500,72900
2026-05-12,13.0100,13.3400,12.9500,13.2900,13.2900,123500
2026-05-13,13.2600,13.3300,12.5810,13.3300,13.3300,182100
2026-05-14,13.1200,13.1480,12.9500,12.9500,12.9500,20900
2026-05-15,12.7100,13.2000,12.7100,13.1800,13.1800,95600
2026-05-18,12.8100,12.9000,12.6290,12.8500,12.8500,71400
2026-05-19,12.8100,12.8100,12.5600,12.6500,12.6500,50800
2026-05-20,12.2200,12.3800,12.0400,12.1100,12.1100,109800
2026-05-21,12.3000,12.5800,12.3000,12.5000,12.5000,53400
2026-05-22,12.5300,12.7550,12.5300,12.6750,12.6750,44300
2026-05-26,13.0400,13.0400,12.7300,12.8800,12.8800,112000
2026-05-27,12.8100,12.8980,12.7500,12.8750,12.8750,39500
2026-05-28,12.9000,13.1500,12.9000,13.1500,13.1500,86000
2026-05-29,13.0000,13.1500,12.8700,12.9400,12.9400,67600
2026-06-01,13.0000,13.2000,12.9300,13.0350,13.0350,59500
2026-06-02,12.9500,13.0000,12.5800,12.9400,12.9400,194800
2026-06-03,12.3400,12.7900,12.3400,12.6200,12.6200,52200
2026-06-04,12.4500,12.7600,12.3100,12.6600,12.6600,57200
2026-06-05,12.6300,12.8000,12.6300,12.7000,12.7000,22800
2026-06-08,12.5000,12.5860,12.1200,12.3700,12.3700,194900
2026-06-09,12.3700,12.5360,12.3700,12.3700,12.3700,25800
2026-06-10,12.4900,12.7700,12.4000,12.5000,12.5000,103100
2026-06-11,12.5000,12.6300,12.4000,12.5200,12.5200,26900
2026-06-12,12.5200,12.5800,12.3200,12.3200,12.3200,46900
2026-06-15,12.0900,12.3110,11.8500,11.9900,11.9900,201100
2026-06-16,11.9100,12.3300,11.4000,12.1300,12.1300,56600
2026-06-17,11.9900,12.2150,11.8800,11.8800,11.8800,20100
2026-06-18,11.7400,11.8000,11.1850,11.5700,11.5700,101000
2026-06-22,11.5500,11.6900,11.5500,11.5800,11.5800,42400
2026-06-23,11.7000,11.9000,11.7000,11.7700,11.7700,42400
2026-06-24,11.7000,11.8600,11.5750,11.7000,11.7000,33100
2026-06-25,11.4300,11.5650,11.3200,11.4000,11.4000,71700
2026-06-26,11.2950,11.2950,11.2200,11.2700,11.2700,29000
2026-06-29,11.5800,11.6550,11.5500,11.6300,11.6300,28400
2026-06-30,11.9500,11.9880,11.8000,11.8700,11.8700,120000
2026-07-01,11.9200,12.1200,11.9200,12.0520,12.0520,6600
2026-07-02,12.1500,12.4300,12.1500,12.2700,12.2700,46200
2026-07-06,12.7800,13.0000,12.7780,12.9600,12.9600,97700
2026-07-07,12.8700,12.9800,12.7400,12.7600,12.7600,24800
2026-07-08,12.6780,12.9200,12.2600,12.8350,12.8350,14300
2026-07-09,13.0000,13.0000,12.8600,12.9500,12.9500,33400
2026-07-10,12.9800,12.9800,12.8800,12.8900,12.8900,7500
2026-07-13,13.0300,13.9500,13.0300,13.3300,13.3300,138300
2026-07-14,13.5200,13.5200,13.0700,13.1000,13.1000,18000
2026-07-15,12.8800,12.9900,12.8400,12.8400,12.8400,30900
2026-07-16,12.6500,12.8120,12.3000,12.6500,12.6500,21000
2026-07-17,12.4500,12.9200,12.4500,12.6600,12.6600,13000
2026-07-20,12.3000,12.5200,11.3180,12.1900,12.1900,169500
2026-07-21,12.6900,12.6900,12.5100,12.6200,12.6200,23700
2026-07-22,12.5100,12.7500,12.5100,12.5100,12.5100,8700
2026-07-23,12.7300,12.9000,12.6700,12.6800,12.6800,26900
2026-07-24,12.8800,12.8800,12.5500,12.5700,12.5700,6700
2026-07-27,12.4000,12.7100,12.3800,12.3800,12.3800,6300
2026-07-28,12.5300,12.8300,12.5300,12.6100,12.6100,19400
2026-07-29,12.7500,12.9900,12.7340,12.7800,12.7800,8500
2026-07-30,13.1300,13.4900,13.1300,13.3600,13.3600,36700
2026-07-31,13.5600,13.5600,13.2900,13.4200,13.4200,11400
2026-08-03,13.7900,14.0000,13.7900,13.9500,13.9500,39500
2026-08-04,14.0000,14.1000,13.7300,13.9100,13.9100,53700
2026-08-05,14.0600,14.1600,13.9330,13.9700,13.9700,66600
2026-08-06,13.9500,14.0000,13.6400,13.9400,13.9400,10300
2026-08-07,14.1200,14.1200,13.7300,13.7600,13.7600,15100
2026-08-10,13.9000,14.1200,13.7480,13.8000,13.8000,106200
2026-08-11,13.9600,14.0000,13.7500,13.7900,13.7900,16300
2026-08-12,13.7300,13.9400,13.6300,13.6700,13.6700,17300
2026-08-13,13.7700,14.1650,13.7700,13.8900,13.8900,19300
2026-08-14,13.9300,14.3100,13.9300,14.2870,14.2870,20800
2026-08-17,14.1900,14.3460,14.0000,14.0000,14.0000,28200
2026-08-18,13.6100,13.8200,12.6600,13.8200,13.8200,17100
2026-08-19,13.6700,14.0050,13.6700,14.0050,14.0050,21100
2026-08-20,14.1100,14.2900,14.1100,14.1900,14.1900,21000
2026-08-21,14.4020,14.8000,14.4020,14.7500,14.7500,45900
2026-08-24,14.8000,14.8000,14.5260,14.6900,14.6900,27500
2026-08-25,14.7300,15.1500,14.7000,15.0650,15.0650,75100
2026-08-26,15.3700,15.3700,14.9100,15.0600,15.0600,34400
2026-08-27,15.1400,15.1400,14.7800,14.8200,14.8200,20900
2026-08-28,15.0300,15.5500,15.0300,15.5200,15.5200,59800
2026-08-31,15.5500,15.5500,15.2950,15.4700,15.4700,119000
2026-09-01,15.5500,15.8000,15.3200,15.7950,15.7950,86000
2026-09-02,16.2500,16.6000,16.1600,16.5800,16.5800,163300
2026-09-03,16.1600,16.1800,15.9200,16.1400,16.1400,87300
2026-09-04,16.2700,16.7100,16.2700,16.5600,16.5600,114600
2026-09-08,16.6000,16.7000,16.1300,16.3000,16.3000,213100
2026-09-09,16.1000,16.3900,15.6000,16.1000,16.1000,110500
2026-09-10,15.7400,16.1000,15.7400,15.9200,15.9200,91900
2026-09-11,16.0000,16.0500,15.9400,16.0100,16.0100,51200
2026-09-14,15.5500,15.5500,14.7800,15.3000,15.3000,124900
2026-09-15,15.4500,15.4500,14.9800,15.3300,15.3300,111700
2026-09-16,15.4000,15.4000,15.1400,15.3000,15.3000,69400
2026-09-17,15.3300,15.9200,15.3300,15.7900,15.7900,96300
2026-09-18,15.7700,15.8450,15.6400,15.7200,15.7200,77200
2026-09-21,15.9600,16.2100,15.8460,16.0800,16.0800,187100
2026-09-22,16.2200,16.1000,15.6700,15.8100,15.8100,402786
